NU_ANO;CO_CURSO;DS_VT_ACE_OFG;DS_VT_ACE_OCE;NT_FG_D1_CT;NT_FG_D2_CT;NT_CE_D1;NT_CE_D2;NT_CE_D3
2022;1105396;;;;;;;
2022;1105396;;;;;;;
2022;1105396;;;;;;;
2022;1105396;;;;;;;
2022;1105396;;;;;;;
2022;1105396;;;;;;;
2022;1105396;;;;;;;
2022;1105396;;;;;;;
2022;1105396;;;;;;;
2022;1105396;;;;;;;
2022;1105396;;;;;;;
2022;1105396;;;;;;;
2022;1105396;;;;;;;
2022;1105396;01100000;001090100009009901019009100;0;0;0;0;0
2022;1105396;01110000;110090100009009901009009100;0;0;0;0;0
2022;1105396;00100100;101090100009109900009009000;50;87.5;0;50;25
2022;1105396;00001000;010090101009119910109009001;0;0;0;0;0
2022;1105396;01010101;011090011009109900109009010;0;0;0;0;0
2022;1105396;01010001;101090010109119900109009000;75;25;0;0;0
2022;1105396;00111100;101090010009019901009009100;50;75;0;50;0
2022;1105396;01101100;101091000109009900019009100;62.5;37.5;0;50;25
2022;1105396;01110101;101090110109009910009109000;50;50;0;0;0
2022;1105396;00100101;101190011009019900019009100;75;50;0;0;0
2022;1105396;01110100;100090111009109900009109100;62.5;37.5;30;25;0
2022;1105396;01110100;000190110009109900019009100;100;75;0;0;50
2022;1105396;11000011;101091000009109901009009100;100;75;0;50;25
2022;1105396;01110001;100091100009119911009019100;0;0;0;50;0
2022;1105396;01100101;101090100019109901009109100;25;37.5;0;50;25
2022;1105396;11100100;101090010109019900009009110;37.5;75;0;50;75
2022;1105396;00101101;111190100019109900009009100;62.5;37.5;73.3;50;0
2022;1105396;11100001;111090001009009901019009111;25;75;0;50;0
2022;1105396;01101101;001091100009119900009009111;50;62.5;0;25;50
2022;1105396;01001101;100190010009109900109109110;100;50;0;100;0
2022;1105396;01110101;001090111009109910009109100;75;50;0;25;50
2022;1105396;11100101;100090101119019900119009100;50;75;0;25;0
2022;1105396;01101101;111190001009009900019019101;0;0;90;50;25
2022;1105396;01101100;101090111109109901009009101;50;87.5;0;50;0
2022;1105396;01000001;111190100009109910019019111;50;37.5;0;50;0
2022;1105396;01111111;001090110019109900019119111;0;0;0;0;0
2022;1105396;01111101;001090101019119901009119100;75;50;0;0;0
2022;1105396;01110100;101091111019109900009019100;50;62.5;50;50;75
2022;1105396;01101101;101190001109009901009019011;75;87.5;73.3;25;75
2022;1105396;00100001;011091100119009911009119111;75;62.5;73.3;0;0
2022;1105396;11111101;110190110009019901109009111;62.5;0;0;50;50
2022;1105396;11100111;101190110009109911019019110;50;75;73.3;50;0
2022;1105396;11100001;101190101119119911119009100;75;75;0;50;0
2022;1105396;01110101;100191101119009911019019100;87.5;100;0;75;50
2022;1105396;11101111;100090011009109910119119111;50;62.5;0;50;50
2022;1105396;01111000;110091111109109911109109110;62.5;87.5;0;25;25
2022;1105396;01100110;001091101119019900119019111;87.5;75;0;50;75
2022;1105396;10111101;111090110019019901019019111;50;75;0;50;25
2022;1105396;01101111;111190100119019901019019100;75;75;73.3;50;0
2022;1105396;01110101;111091101119019911119019110;12.5;37.5;30;50;0
2022;1105396;01111111;111090111109119901119019100;75;37.5;0;100;0
2022;1105396;11101111;111091101119119910109109100;37.5;37.5;0;100;50
2022;1105396;11111101;111090100119119901019019111;50;75;40;50;50
2022;1105396;01110111;111090111109109911019119111;50;87.5;56.7;50;0
2022;1105396;01110111;111190110019119901019119101;50;87.5;83.3;100;50
2022;1105396;11110111;101190011119119911119019110;50;75;0;50;75
2022;1132074;;;;;;;
2022;1132074;;;;;;;
2022;1132074;;;;;;;
2022;1132074;;;;;;;
2022;1132074;;;;;;;
2022;1132074;;;;;;;
2022;1132074;;;;;;;
2022;1132074;;;;;;;
2022;1132074;;;;;;;
2022;1132074;;;;;;;
2022;1132074;;;;;;;
2022;1132074;;;;;;;
2022;1132074;;;;;;;
2022;1132074;;;;;;;
2022;1132074;;;;;;;
2022;1132074;;;;;;;
2022;1132074;;;;;;;
2022;1132074;;;;;;;
2022;1132074;;;;;;;
2022;1132074;;;;;;;
2022;1132074;;;;;;;
2022;1132074;;;;;;;
2022;1132074;;;;;;;
2022;1132074;;;;;;;
2022;1132074;;;;;;;
2022;1132074;;;;;;;
2022;1132074;01110100;900091000900000009801900090;50;0;10;0;0
2022;1132074;01010001;900091100900000009800900091;0;75;0;0;0
2022;1132074;10010000;900190001900000009801900090;37.5;62.5;20;0;0
2022;1132074;00000101;900090100900001009800900091;62.5;62.5;0;10;0
2022;1132074;00000000;900090010910110109810900090;12.5;0;0;0;0
2022;1132074;10100000;900190000900100019800900090;62.5;75;10;0;0
2022;1132074;01010101;900090000910110009800900090;12.5;50;0;0;0
2022;1132074;00000010;900090101901001009800901091;0;0;0;0;0
2022;1132074;00100101;900090100901000009800900190;50;50;40;0;25
2022;1132074;00111101;900091001910001009801900090;0;0;0;0;0
2022;1132074;11110100;900091010910010009800901090;12.5;0;0;0;0
2022;1132074;01001010;901090000900011009810900090;75;62.5;20;10;0
2022;1132074;01110111;900090100901000009800900190;62.5;37.5;20;10;25
2022;1132074;01100001;900091110910001009800900091;25;50;0;0;0
2022;1132074;01111101;900090000910000009810900190;100;50;0;0;25
2022;1132074;01110111;900090001910000009810900090;75;75;20;0;0
2022;1132074;11100111;900090100901100009800900090;87.5;75;10;0;0
2022;1132074;10111101;900090000911000109800911190;0;0;0;0;0
2022;1132074;00101000;900190100911001009800900190;50;50;80;10;0
2022;1132074;01110111;901090000911000009810900090;62.5;75;20;0;0
2022;1132074;01110101;900190001900010009810900091;50;37.5;20;0;25
2022;1132074;10101001;900091101911000009801900190;0;25;10;0;0
2022;1132074;11111100;900090100900000019811900090;75;75;20;0;0
2022;1132074;01101100;910090110910010009810900091;0;0;0;10;50
2022;1132074;01100011;901090010910000109800900191;87.5;62.5;0;0;0
2022;1132074;11110111;910091000900001009800900090;62.5;75;30;80;25
2022;1132074;01000111;901190100900010009811900090;62.5;50;30;0;25
2022;1132074;11100101;900091100901010009801900091;37.5;75;20;10;0
2022;1132074;01100111;900190100910001019800900190;75;75;0;0;0
2022;1132074;00011111;910090110900000009810900190;87.5;87.5;20;0;50
2022;1132074;01100100;901091000900011009811900190;50;62.5;30;0;25
2022;1132074;01100110;901090101911000009800901190;25;75;50;0;0
2022;1132074;10011100;911090000910010109800911190;37.5;25;20;0;0
2022;1132074;01110010;900090100911001109801910090;62.5;0;10;0;100
2022;1132074;11101101;900190111910000009800900190;75;37.5;50;0;0
2022;1132074;00100010;901190100910010009811900091;75;100;40;0;0
2022;1132074;11111110;901190110910001009800900190;25;37.5;0;0;0
2022;1132074;01110100;910090110911101109811900090;0;0;0;0;0
2022;1132074;01101111;910191100901010009800900090;87.5;75;30;0;0
2022;1132074;11100111;911190000900110009800900190;50;62.5;0;0;100
2022;1132074;01111101;901191101910001009800900090;50;75;0;0;0
2022;1132074;01110101;900190001911000009801911090;37.5;75;80;0;0
2022;1132074;11101110;900090101910001009801900191;50;62.5;40;0;0
2022;1132074;11110111;910090000900101109800901191;37.5;37.5;30;0;0
2022;1132074;01101111;900090101901001109800901090;75;75;30;0;100
2022;1132074;11111101;910191101910000009800900091;37.5;87.5;30;0;0
2022;1132074;01011001;911090001901010009801911190;37.5;62.5;0;70;0
2022;1132074;01110111;900091100901010009811900090;87.5;75;0;80;75
2022;1132074;11111111;900090100910010009811900091;100;75;0;0;75
2022;1132074;11101101;901090100911010009811900090;50;100;20;100;0
2022;1132074;01010000;910091111901011009800910190;75;75;0;70;0
2022;1132074;11111111;900090000900001019810910190;100;87.5;80;70;0
2022;1132074;11110101;911091100900010009801901191;87.5;62.5;0;0;25
2022;1132074;01111111;901191000900000009811900190;87.5;100;100;50;50
2022;1132074;01111011;901191001910010019800900091;75;87.5;40;90;0
2022;1132074;11110101;901091001911111109800900190;37.5;50;30;0;25
2022;1132074;11111011;910190001911001009811900190;25;75;20;0;50
2022;1132074;01111111;900190000910001019801900191;100;37.5;80;70;75
2022;1132074;01110111;911191010901011009801900091;87.5;87.5;0;0;0
2022;1132074;11101101;900190111910000009810910191;100;75;60;0;25
2022;1132074;00111111;901190111911000009800901191;37.5;87.5;0;10;50
2022;1132074;11111111;910190111911000009801900190;62.5;62.5;10;0;50
2022;1132074;01101111;910091110911001119801900190;62.5;100;20;0;0
2022;1132074;11111101;900191111901011009800901190;25;25;100;80;50
2022;1132074;01111111;900190101901010119801911090;62.5;75;50;30;75
2022;1132074;10111111;911191101911100009810911090;75;37.5;0;10;75
2022;1132074;11111001;900191101901101109811910190;50;87.5;70;100;0
2022;1132074;11111111;901091111911101119800900190;100;62.5;50;70;0
2022;1132074;11111111;900191111910000119810911190;75;100;30;70;0
2022;13089;;;;;;;
2022;13089;;;;;;;
2022;13089;;;;;;;
2022;13089;;;;;;;
2022;13089;;;;;;;
2022;13089;;;;;;;
2022;13089;;;;;;;
2022;13089;;;;;;;
2022;13089;;;;;;;
2022;13089;;;;;;;
2022;13089;;;;;;;
2022;13089;;;;;;;
2022;13089;;;;;;;
2022;13089;;;;;;;
2022;13089;;;;;;;
2022;13089;;;;;;;
2022;13089;;;;;;;
2022;13089;;;;;;;
2022;13089;;;;;;;
2022;13089;;;;;;;
2022;13089;;;;;;;
2022;13089;;;;;;;
2022;13089;;;;;;;
2022;13089;;;;;;;
2022;13089;;;;;;;
2022;13089;;;;;;;
2022;13089;;;;;;;
2022;13089;;;;;;;
2022;13089;;;;;;;
2022;13089;;;;;;;
2022;13089;;;;;;;
2022;13089;;;;;;;
2022;13089;;;;;;;
2022;13089;;;;;;;
2022;13089;;;;;;;
2022;13089;;;;;;;
2022;13089;01111111;019090000000000109000000000;87.5;100;35;32.5;10
2022;13089;01110010;119090000110100009000110010;37.5;37.5;0;0;0
2022;13089;11110101;119091001000000009000100000;62.5;75;55;30;0
2022;13089;11111111;019190001111110009000000000;0;0;0;0;0
2022;13089;11100111;019091100000000119000100000;50;100;45;45;12.5
2022;13089;01111111;019090000100001009110100010;75;75;15;35;0
2022;13089;01011111;019190100101010009001100110;25;25;15;45;0
2022;13089;11111101;019190100100010009000010011;75;75;35;32.5;0
2022;13089;01111111;119090000001110009110000010;75;87.5;42.5;0;45
2022;13089;11100111;119091001101100109011001011;0;0;0;0;0
2022;13089;11111101;019090011111101109000010000;12.5;62.5;35;25;22.5
2022;13089;01111101;019190001110100119010001110;0;50;27.5;35;12.5
2022;13089;01110111;119091110111100009000001000;100;87.5;25;60;35
2022;13089;01100111;009191001110100109110011111;75;50;0;0;0
2022;13089;11110101;119091101111000009110000111;75;75;0;32.5;22.5
2022;13089;11101111;019190001111000009110100111;62.5;62.5;42.5;25;47.5
2022;13089;10111111;119091001111010019010100010;75;75;27.5;50;10
2022;13089;11011111;019090011111111109110010100;75;50;0;0;25
2022;13089;10111101;019090100111100119110000111;100;75;27.5;45;10
2022;13089;01111111;019090110101101019000110111;50;75;37.5;30;35
2022;13089;11101111;019091000111100109111101010;62.5;62.5;17.5;57.5;25
2022;13089;01100111;019191000111110109111100010;87.5;100;15;25;32.5
2022;13089;11110111;019191111100101109011010100;37.5;100;20;7.5;25
2022;13089;01110111;009191111101100109011100110;37.5;87.5;17.5;55;47.5
2022;13089;11111101;019090010110101109011111011;12.5;75;27.5;65;45
2022;13089;01100111;019191101110011009111001110;75;75;42.5;50;25
2022;13089;11111111;019190111110000109110010111;100;37.5;17.5;55;0
2022;13089;11110111;019091101111000119011101111;62.5;75;0;0;0
2022;13089;01100101;019090011111001119011111111;50;75;27.5;25;35
2022;13089;11101111;019091110101110109110100011;75;87.5;35;47.5;35
2022;13089;01111111;119091111111100109100001011;75;62.5;72.5;0;0
2022;13089;01111111;119091111111100019010101001;75;87.5;27.5;22.5;0
2022;13089;01111111;019091101101110119000101111;100;50;45;25;25
2022;13089;11011000;019191111111100119111000001;87.5;87.5;70;25;55
2022;13089;01111111;019191010111100109010011111;100;75;35;45;0
2022;13089;11110101;019091111101111109000011110;87.5;87.5;17.5;75;25
2022;13089;01101101;019190110111001019101111111;87.5;62.5;27.5;22.5;22.5
2022;13089;11111111;019091101011011119010110010;75;75;25;85;35
2022;13089;11110111;119091110001110119011001100;100;100;60;57.5;25
2022;13089;11110111;019191101110101109010111110;87.5;50;27.5;40;12.5
2022;13089;01111101;119090011111001109111111011;50;50;50;35;25
2022;13089;11111111;019191010101100109011111010;100;100;35;32.5;35
2022;13089;11111111;019091101101100119010111110;50;100;37.5;47.5;12.5
2022;13089;11101111;019091101110010109111101111;75;75;27.5;15;35
2022;13089;01100101;119091111110000119101111111;75;100;20;32.5;25
2022;13089;01110101;019091100111101119101111111;87.5;62.5;25;32.5;10
2022;13089;11111111;119090111111000009111110111;75;87.5;20;32.5;22.5
2022;13089;11111111;019091011111000119110110111;62.5;87.5;35;32.5;12.5
2022;13089;01111111;019191011111010009111111011;62.5;62.5;27.5;15;47.5
2022;13089;01111111;019191111111110009110111110;62.5;62.5;15;25;12.5
2022;13089;11000111;019191111101111009110110111;100;75;45;22.5;25
2022;13089;01101111;019191110111110109100111110;75;100;27.5;60;22.5
2022;13089;01110111;019091111101110119010111110;87.5;62.5;45;60;45
2022;13089;11110111;019191011110110109010111111;75;100;27.5;25;25
2022;13089;11101111;019091111101100109111111011;50;87.5;37.5;42.5;37.5
2022;13089;11111111;019091111101110109011111111;62.5;75;0;0;0
2022;13089;11111111;019190111110101109010011111;100;100;42.5;22.5;22.5
2022;13089;11101110;019091110101110009111111110;87.5;100;70;57.5;77.5
2022;13089;11110101;019191111111001119111111010;87.5;50;32.5;25;0
2022;13089;10111111;019191110111110119110111110;62.5;62.5;7.5;17.5;12.5
2022;13089;11111111;119191111111000109011111011;50;50;35;57.5;10
2022;13089;11111111;119091110111010119110110011;75;62.5;52.5;47.5;35
2022;13089;01110111;019091111011111109110111111;100;50;37.5;47.5;10
2022;13089;11101111;019191111111000119010111111;75;87.5;27.5;40;35
2022;13089;11111111;119091001101100009111111111;75;100;90;50;42.5
2022;13089;01110111;019091111111110119110101111;87.5;75;37.5;57.5;0
2022;13089;01111111;019191101101111109010111111;62.5;100;52.5;35;45
2022;13089;01101111;019191101111111019110111111;87.5;87.5;15;22.5;12.5
2022;13089;11110111;119091111110110109011110111;62.5;75;100;42.5;32.5
2022;13089;01110111;019191111111110109111110111;75;75;35;50;0
2022;13089;01111111;019190011111101119111111011;75;75;20;62.5;32.5
2022;13089;01111111;119090111111100119111111111;37.5;87.5;32.5;15;35
2022;13089;11100111;019191101111110119011111111;62.5;75;37.5;50;32.5
2022;13089;11100111;019191101111110119110111111;75;100;45;22.5;32.5
2022;13089;11111111;119091111101110109010111111;87.5;62.5;55;72.5;45
2022;13089;11110111;119191111111110119010110111;75;75;45;30;35
2022;13089;01110111;019191111101101109111111111;100;75;57.5;30;45
2022;13089;11111111;119191111100110119110011111;62.5;100;55;40;45
2022;13089;01111111;119091111111100119111111110;75;87.5;72.5;32.5;35
2022;13089;11111111;119191111111110119101111011;50;100;17.5;25;22.5
2022;13089;11111111;019191111111101119010111111;62.5;75;55;32.5;52.5
2022;13089;01111111;019191111111111119101111110;100;100;45;32.5;45
2022;13089;01111111;119191101111111119111111011;75;75;55;25;35
2022;13089;11110111;119191111101101109111111111;100;100;35;50;55
2022;13090;;;;;;;
2022;13090;;;;;;;
2022;13090;;;;;;;
2022;13090;;;;;;;
2022;13090;;;;;;;
2022;13090;;;;;;;
2022;13090;;;;;;;
2022;13090;;;;;;;
2022;13090;;;;;;;
2022;13090;;;;;;;
2022;13090;;;;;;;
2022;13090;;;;;;;
2022;13090;;;;;;;
2022;13090;;;;;;;
2022;13090;;;;;;;
2022;13090;;;;;;;
2022;13090;;;;;;;
2022;13090;;;;;;;
2022;13090;01000001;090090000900019001001001019;0;0;0;0;0
2022;13090;00111100;091090000900109000010000019;0;0;0;0;0
2022;13090;01100100;090090000900009011000000019;50;75;20;46.7;20
2022;13090;11111101;191090011900009000000000009;0;0;0;0;0
2022;13090;00110100;091190000900009000001001009;50;87.5;0;20;20
2022;13090;01100111;090091000900109000000010009;37.5;62.5;10;40;20
2022;13090;10000000;090090011900019000100000009;100;100;0;30;60
2022;13090;00101110;091190001910109100010000009;0;0;0;0;0
2022;13090;00111100;090191000900009100100000019;87.5;12.5;10;20;0
2022;13090;11100101;190090001900009000100000009;87.5;100;0;46.7;0
2022;13090;11110110;190090000901009000010000009;50;75;20;63.3;0
2022;13090;01100101;091191100900009000000000019;87.5;87.5;10;30;0
2022;13090;00000000;191191101910119100001000009;0;0;0;0;0
2022;13090;01011110;190190000900119101000000019;12.5;50;0;0;0
2022;13090;00101110;190191111910109000010000009;0;0;0;0;0
2022;13090;01110101;090091011900109000010000009;75;37.5;50;46.7;20
2022;13090;01111111;190090001901009000010000009;25;75;0;63.3;40
2022;13090;10111111;090190010900009000010110009;75;75;0;20;0
2022;13090;01111111;190190010900009000001010009;50;75;0;0;40
2022;13090;01100101;190190010901009000011000009;75;87.5;50;40;0
2022;13090;11110101;190191000900009100000000019;75;75;20;30;40
2022;13090;01110101;190091100900109000001010019;50;12.5;30;46.7;40
2022;13090;00000000;190190111900109001101011009;50;0;40;20;40
2022;13090;01101000;190191101910009000000001119;25;62.5;10;16.7;20
2022;13090;10110001;090091010900009001110100019;75;75;0;20;60
2022;13090;01101111;190090010900009000110110009;62.5;75;40;16.7;20
2022;13090;01101100;190191100901009010010110019;50;0;0;0;0
2022;13090;01111101;190090001900119000000111009;50;75;50;0;0
2022;13090;00100101;090191100900009010010101119;50;75;10;20;20
2022;13090;01101111;090091000910009000100011019;100;87.5;30;30;20
2022;13090;11111111;090190000910009011000000019;100;100;50;0;0
2022;13090;01101111;090190111910009011100000009;75;50;0;10;0
2022;13090;00111011;190091000910109000100001119;100;50;30;10;20
2022;13090;01110010;091190011910019000000110109;62.5;75;0;46.7;0
2022;13090;01101101;090191000910109001011001009;37.5;50;60;20;60
2022;13090;11111111;091191000900009000000010019;75;100;40;46.7;60
2022;13090;11110111;191091010910009000011000019;75;75;0;0;0
2022;13090;01110101;190190000911109000010100019;100;87.5;40;20;20
2022;13090;11110111;090191010900009001100110019;37.5;50;30;46.7;20
2022;13090;11111101;190090100910109000011110009;62.5;75;30;20;0
2022;13090;11110111;090191011901009000001100119;25;75;0;20;0
2022;13090;01111101;191190000900019001000011109;100;75;20;40;20
2022;13090;01010111;090091100900109100110101009;100;87.5;50;40;20
2022;13090;01110001;090190101900009110010110119;50;75;40;20;20
2022;13090;01111111;191091100900019001000100109;75;75;20;40;0
2022;13090;01101101;090191010910109010010100019;50;87.5;20;30;40
2022;13090;11111111;190191001910019010000001109;50;0;0;30;40
2022;13090;11111111;091190000910019000001111009;50;75;20;30;0
2022;13090;01100111;190090010911019001111001119;12.5;12.5;10;20;0
2022;13090;00110101;191191110901109000000110019;62.5;62.5;20;20;0
2022;13090;01110101;191191000900109000001001019;87.5;100;60;80;20
2022;13090;01001111;191191001910109010001100019;100;37.5;0;0;0
2022;13090;11111111;191191001900109001010010109;50;0;20;10;0
2022;13090;01100110;191090110900009111011100119;62.5;50;0;0;20
2022;13090;01110111;190091010900109011110110009;62.5;62.5;0;63.3;0
2022;13090;00111111;191090001900119000011101009;100;75;50;20;20
2022;13090;10011111;191091000900109001001111019;62.5;50;30;53.3;20
2022;13090;11111111;190091000900119110001010019;50;75;40;20;0
2022;13090;01111010;091191100911109000101101019;0;75;40;30;0
2022;13090;11111111;190091000910119001100110019;12.5;50;10;50;0
2022;13090;01110111;191191010911019000010010009;87.5;75;30;56.7;0
2022;13090;11111111;191191000910109011001010019;50;50;0;0;0
2022;13090;01111110;190191011900109000010111119;25;75;20;0;20
2022;13090;11111111;091191001910109111010011009;0;0;30;10;20
2022;13090;00110111;190191111910009001101100019;37.5;0;60;70;60
2022;13090;01110101;091190111900109111011100109;25;50;30;26.7;0
2022;13090;01111111;191091010911119010110110109;0;0;0;0;0
2022;13090;11111111;190191000900019001110100119;87.5;50;10;36.7;40
2022;13090;11101111;191190110910109100000010119;50;50;60;46.7;40
2022;13090;01101111;191091001900119110011010109;100;50;30;36.7;0
2022;13090;01101110;191191010901109111010011019;50;87.5;0;0;0
2022;13090;01111111;090191011910009010011111119;62.5;75;0;0;0
2022;13090;01111111;191091100901109100011110019;75;75;20;30;20
2022;13090;01111110;191191001910119110010010019;75;75;0;63.3;0
2022;13090;11110100;190191010911109001110011019;75;87.5;70;46.7;40
2022;13090;11110101;191091010911119000110110019;62.5;87.5;60;63.3;0
2022;13090;01101111;191191101900119110001110019;87.5;62.5;30;30;0
2022;13090;11110111;190091100910119111101011119;62.5;0;30;30;0
2022;13090;01110101;191191001900119111111111009;50;50;40;20;0
2022;13090;11110111;190191111911119010001110019;25;50;50;63.3;0
2022;13090;01110111;191091101910119001011110119;50;75;50;30;60
2022;13090;10111111;191091101901109010111011109;75;100;50;63.3;40
2022;13090;11101111;091191111911109000011111119;75;100;70;73.3;0
2022;13090;11111110;090191111910119101011111019;50;75;60;63.3;80
2022;13107;;;;;;;
2022;13107;;;;;;;
2022;13107;;;;;;;
2022;13107;;;;;;;
2022;13107;;;;;;;
2022;13107;;;;;;;
2022;13107;;;;;;;
2022;13107;;;;;;;
2022;13107;;;;;;;
2022;13107;;;;;;;
2022;13107;;;;;;;
2022;13107;;;;;;;
2022;13107;;;;;;;
2022;13107;;;;;;;
2022;13107;;;;;;;
2022;13107;01111011;010000091000000990000000000;62.5;75;0;30;0
2022;13107;00100001;010100090000101990010000010;50;50;20;20;50
2022;13107;01110000;110000190000001990010000000;62.5;62.5;20;40;40
2022;13107;11100001;110101090100010990000000000;50;0;20;50;20
2022;13107;11100001;000000190001101990010001100;62.5;0;20;90;50
2022;13107;01100101;101000090001011991010000001;62.5;62.5;10;10;30
2022;13107;01110001;110011090101010991010111101;87.5;87.5;0;0;10
2022;13107;01110100;111110190100110990011110101;50;75;10;50;30
2022;13107;01111111;110001091001111991100010111;25;75;10;10;50
2022;13107;11111100;111001191001111990010110101;50;62.5;40;10;0
2022;13107;11101001;110111190110001990111110000;62.5;87.5;50;60;30
2022;13107;01110111;011001091101011990110011101;75;75;10;80;50
2022;13107;11101001;111100090100111991111011101;37.5;75;50;30;20
2022;13107;11110001;110011090111110990110111111;75;87.5;10;20;80
2022;13107;11111011;110011190111111990110111001;37.5;75;10;40;20
2022;13107;11110011;111011191010111991111001100;62.5;50;10;60;50
2022;13107;01111111;111111191010111991110100111;37.5;0;0;0;30
2022;13107;01111101;110101091101111991101110100;75;87.5;50;60;30
2022;13107;11110111;001110090111111991110011101;62.5;87.5;60;30;60
2022;13107;01101100;111100190111011991111111101;75;75;20;30;50
2022;13107;11101000;111111090011111991111001111;75;75;50;20;30
2022;13107;01101101;100101191011111990111111101;75;87.5;30;40;40
2022;13107;11011101;010011191011111991111111101;75;75;0;10;10
2022;13107;01111111;110101091111111990111010101;75;87.5;60;30;10
2022;13107;01100101;111111191011111991011111011;75;75;0;10;70
2022;13107;01100001;110111191011011991111111111;100;75;0;40;60
2022;13107;01111111;111101091101111991110001111;100;75;80;40;10
2022;13107;11111101;110111191110111991110010111;87.5;75;40;20;30
2022;13107;11111101;111101190111111990110011111;62.5;87.5;20;30;80
2022;13107;11111111;110111090110111990111111111;100;87.5;10;40;50
2022;13107;11111011;111101191111111990101001111;62.5;87.5;50;70;70
2022;13107;11101101;111011091110111991111111111;87.5;75;10;40;60
2022;13107;11100110;110011191111111991111100111;75;100;60;100;70
2022;13107;01111111;011111190110111991111111111;50;62.5;40;30;60
2022;13107;01111111;111010190111111991111110111;75;100;40;40;70
2022;13107;11111111;011011191111111991111110111;75;87.5;70;10;0
2022;13107;00111111;111101191101111991111111101;87.5;75;70;40;80
2022;13107;11111101;111111091111111991111101111;62.5;87.5;30;10;70
2022;13107;11111111;101111091111111991111110111;75;25;90;30;70
2022;13107;11111111;111101191111111991111110111;62.5;87.5;50;10;50
2022;13107;01011111;111110191111110991111110111;100;100;80;80;70
2022;13107;01111011;111101191111111991111111111;50;100;70;20;70
2022;13107;11110111;111111191110111991111111111;62.5;75;40;80;60
2022;13107;01111101;111111191111111991111111111;50;87.5;80;70;60
2022;13107;11111111;111111191111111991111111111;62.5;75;80;70;70
2022;13113;;;;;;;
2022;13113;;;;;;;
2022;13113;;;;;;;
2022;13113;;;;;;;
2022;13113;;;;;;;
2022;13113;;;;;;;
2022;13113;;;;;;;
2022;13113;;;;;;;
2022;13113;;;;;;;
2022;13113;;;;;;;
2022;13113;;;;;;;
2022;13113;;;;;;;
2022;13113;;;;;;;
2022;13113;;;;;;;
2022;13113;;;;;;;
2022;13113;;;;;;;
2022;13113;;;;;;;
2022;13113;;;;;;;
2022;13113;;;;;;;
2022;13113;;;;;;;
2022;13113;;;;;;;
2022;13113;;;;;;;
2022;13113;;;;;;;
2022;13113;;;;;;;
2022;13113;;;;;;;
2022;13113;;;;;;;
2022;13113;;;;;;;
2022;13113;;;;;;;
2022;13113;;;;;;;
2022;13113;;;;;;;
2022;13113;;;;;;;
2022;13113;;;;;;;
2022;13113;;;;;;;
2022;13113;;;;;;;
2022;13113;;;;;;;
2022;13113;;;;;;;
2022;13113;;;;;;;
2022;13113;;;;;;;
2022;13113;;;;;;;
2022;13113;;;;;;;
2022;13113;;;;;;;
2022;13113;;;;;;;
2022;13113;;;;;;;
2022;13113;;;;;;;
2022;13113;;;;;;;
2022;13113;;;;;;;
2022;13113;;;;;;;
2022;13113;;;;;;;
2022;13113;;;;;;;
2022;13113;;;;;;;
2022;13113;;;;;;;
2022;13113;;;;;;;
2022;13113;;;;;;;
2022;13113;01010101;910101011001111890011000011;0;0;60;10;0
2022;13113;11011101;910100011011110891001110100;0;62.5;12.5;10;0
2022;13113;11001001;911000101001101891011110010;62.5;75;12.5;10;37.5
2022;13113;11101111;911101110000111890011000011;75;100;25;0;15
2022;13113;11110011;911101111000011891011000010;75;87.5;47.5;40;37.5
2022;13113;01111111;910001111111011891010100101;0;50;50;10;25
2022;13113;11110111;911101111110111890000110000;50;75;12.5;40;25
2022;13113;00101111;900101101110111891011000110;75;62.5;57.5;50;72.5
2022;13113;01111101;910101101000110890110011110;100;100;25;10;87.5
2022;13113;01110101;901101111110110891001001110;62.5;87.5;50;100;47.5
2022;13113;01110011;911001101010111891101010111;62.5;100;12.5;60;37.5
2022;13113;01110111;910001111011110890100101101;87.5;75;70;80;75
2022;13113;01111111;901001111110110891011011100;100;75;60;40;50
2022;13113;11100111;910101110111111891110011000;100;25;47.5;50;87.5
2022;13113;11110001;911101000111110891111111111;50;62.5;37.5;10;37.5
2022;13113;11111101;911111111100110891110100111;37.5;75;60;10;15
2022;13113;11111101;910101100111111891011101110;50;87.5;37.5;50;47.5
2022;13113;00111111;910101111101111891010011110;62.5;75;60;80;60
2022;13113;11111101;900101011101111891111101111;50;75;50;10;37.5
2022;13113;11100101;911101110111110891111101101;87.5;100;37.5;20;60
2022;13113;11011111;901101111111111891011100110;37.5;75;60;80;52.5
2022;13113;01111011;911101101111101891011110111;75;87.5;60;30;37.5
2022;13113;11110111;910101110011111891011011110;75;100;57.5;70;62.5
2022;13113;11110111;901001111010110891111011111;100;75;50;60;100
2022;13113;11111111;910111111110100891111011110;75;87.5;50;10;37.5
2022;13113;01100101;911111110111110891111110111;50;87.5;60;40;52.5
2022;13113;01110101;911101111011111890111101111;87.5;75;70;40;47.5
2022;13113;11111111;911101101111111890111111110;75;62.5;0;0;32.5
2022;13113;11111111;910101111111111891011001111;87.5;87.5;37.5;10;37.5
2022;13113;11111111;910101110111101891011111111;50;75;70;20;62.5
2022;13113;01110111;911110111010111891011110111;100;75;70;100;47.5
2022;13113;11111101;911101011001111891111011111;62.5;75;60;70;75
2022;13113;01110111;911111110011111891111011011;75;62.5;47.5;50;100
2022;13113;01110111;911101111011111891011111111;75;100;67.5;40;0
2022;13113;01111101;911111111110111891101110111;75;75;60;20;50
2022;13113;11111111;901001101111111890111110111;75;75;80;90;85
2022;13113;11110111;911101111111110891111111100;100;87.5;60;0;65
2022;13113;01111111;911111111011111890111011110;62.5;75;90;70;47.5
2022;13113;11111111;901111111111111891111011010;62.5;100;37.5;40;47.5
2022;13113;01111111;901101111111111891111111110;62.5;87.5;60;20;37.5
2022;13113;11110111;901101111110111891011111101;87.5;87.5;50;90;100
2022;13113;01110101;911101111011111891111111111;50;87.5;50;30;100
2022;13113;01111111;911101111111111891111111111;75;100;25;10;0
2022;13113;00110111;911111111011111891111111111;75;87.5;80;40;35
2022;13113;01111111;911101111111111891111011111;62.5;75;47.5;40;62.5
2022;13113;01110111;911111111111111891001101111;100;87.5;57.5;90;75
2022;13113;01111111;911101111111111891111111011;87.5;75;80;50;50
2022;13113;01111111;911101111111111891011111111;87.5;100;50;50;62.5
2022;13113;11111111;911111111111111891111111111;0;0;50;90;75
2022;13113;11111011;901111111111111891111111111;87.5;100;0;0;100
2022;13113;01111111;911101101111111891111111111;75;87.5;57.5;100;40
2022;13113;11111111;911111111111111890111001111;100;100;90;40;72.5
2022;13113;01111011;911111111111111891111111110;75;87.5;80;100;60
2022;13113;11111111;911101111111111891111101111;100;87.5;90;80;37.5
2022;13113;11111111;911111111111111891111111111;25;100;70;100;75
2022;21589;;;;;;;
2022;21589;;;;;;;
2022;21589;;;;;;;
2022;21589;;;;;;;
2022;21589;;;;;;;
2022;21589;;;;;;;
2022;21589;;;;;;;
2022;21589;;;;;;;
2022;21589;;;;;;;
2022;21589;;;;;;;
2022;21589;;;;;;;
2022;21589;;;;;;;
2022;21589;;;;;;;
2022;21589;;;;;;;
2022;21589;;;;;;;
2022;21589;;;;;;;
2022;21589;01100111;900000110990910190000090000;25;37.5;13.3;0;16.7
2022;21589;00010001;911110100990900090101091000;12.5;12.5;13.3;0;50
2022;21589;11110111;911001110990910090000190000;25;37.5;0;0;0
2022;21589;00100100;911110101990911090100090000;37.5;37.5;33.3;25;33.3
2022;21589;01100100;901010011990910091100090100;25;75;66.7;100;0
2022;21589;00010101;910111011990900190101091000;62.5;25;80;0;0
2022;21589;01101011;901010000990910190101090101;50;75;80;75;66.7
2022;21589;10111100;910100010990900091111190100;75;75;66.7;75;0
2022;21589;10100101;910011110990910091111091100;0;0;33.3;0;83.3
2022;21589;00110001;901011011990910191100090100;100;62.5;66.7;50;66.7
2022;21589;01110000;911011010990900191011191101;62.5;37.5;26.7;25;33.3
2022;21589;11011101;910010111990900091110091101;62.5;62.5;66.7;0;0
2022;21589;01101111;901110111990910091101191000;0;0;66.7;50;16.7
2022;21589;01101101;900011100990911190111191100;25;0;46.7;100;0
2022;21589;01111111;911000001990910191100091001;50;87.5;66.7;25;100
2022;21589;01011111;911011101990900090111090001;50;75;66.7;25;83.3
2022;21589;01111101;910101110990900091101090100;87.5;75;60;100;100
2022;21589;00100101;911011110991900091011091001;37.5;87.5;66.7;75;100
2022;21589;11111111;910011110990900091101091111;0;0;80;0;100
2022;21589;00111110;900100100991910191100191101;75;50;66.7;100;83.3
2022;21589;00111101;911100111991910190111090000;50;62.5;66.7;25;83.3
2022;21589;01101100;900111100990910190111090111;87.5;75;80;50;83.3
2022;21589;01101111;911001101990910091101091100;87.5;62.5;66.7;75;83.3
2022;21589;01100001;911011110990910191011091100;62.5;62.5;80;75;100
2022;21589;01110001;911111111990910191100190000;37.5;75;66.7;100;83.3
2022;21589;01111101;911011011990911091110091100;75;37.5;46.7;50;83.3
2022;21589;11111101;901111111990910190101091100;62.5;75;46.7;50;16.7
2022;21589;01001111;911111001991910190110090100;100;87.5;60;100;83.3
2022;21589;11010101;911011111990901091011091101;25;100;66.7;25;100
2022;21589;11101111;910111101991910090111091100;50;75;66.7;50;100
2022;21589;01111101;910011110990910090111191011;75;75;66.7;75;100
2022;21589;01110101;911111111991910190101090100;75;62.5;86.7;50;83.3
2022;21589;01111111;911010110991910191100091101;87.5;75;86.7;50;83.3
2022;21589;11101101;911111101990910190110191100;50;87.5;66.7;75;100
2022;21589;01111100;901011111990910091111091111;50;100;66.7;50;100
2022;21589;11111101;911111111990911091100090111;75;37.5;86.7;25;66.7
2022;21589;11111011;911111111990910091110091110;75;62.5;66.7;25;83.3
2022;21589;11110111;910101101991901191110191110;100;87.5;0;25;83.3
2022;21589;01110111;911011111990910190111191111;62.5;62.5;33.3;50;83.3
2022;21589;01111111;910111111990911191111091000;87.5;75;80;75;100
2022;21589;01111111;910011111991910091111191101;62.5;62.5;80;100;100
2022;21589;11111111;911011111990910191111191100;75;62.5;66.7;100;83.3
2022;21589;01110101;911111111990911191111190110;62.5;50;100;75;100
2022;21589;11101111;911111111991911091111090011;87.5;62.5;46.7;100;100
2022;21589;01101111;911111011991911091111191110;100;87.5;66.7;25;100
2022;21589;11111111;911011110990911191111191111;75;75;86.7;0;83.3
2022;21860;;;;;;;
2022;21860;;;;;;;
2022;21860;;;;;;;
2022;21860;;;;;;;
2022;21860;;;;;;;
2022;21860;;;;;;;
2022;21860;;;;;;;
2022;21860;;;;;;;
2022;21860;;;;;;;
2022;21860;;;;;;;
2022;21860;;;;;;;
2022;21860;;;;;;;
2022;21860;;;;;;;
2022;21860;;;;;;;
2022;21860;;;;;;;
2022;21860;;;;;;;
2022;21860;;;;;;;
2022;21860;;;;;;;
2022;21860;;;;;;;
2022;21860;;;;;;;
2022;21860;;;;;;;
2022;21860;;;;;;;
2022;21860;;;;;;;
2022;21860;;;;;;;
2022;21860;;;;;;;
2022;21860;;;;;;;
2022;21860;;;;;;;
2022;21860;;;;;;;
2022;21860;;;;;;;
2022;21860;;;;;;;
2022;21860;;;;;;;
2022;21860;;;;;;;
2022;21860;;;;;;;
2022;21860;;;;;;;
2022;21860;;;;;;;
2022;21860;;;;;;;
2022;21860;;;;;;;
2022;21860;;;;;;;
2022;21860;;;;;;;
2022;21860;;;;;;;
2022;21860;;;;;;;
2022;21860;;;;;;;
2022;21860;;;;;;;
2022;21860;;;;;;;
2022;21860;;;;;;;
2022;21860;01100001;019191100000000009000000000;12.5;75;0;15;22.5
2022;21860;00000111;019090000001010009000001000;62.5;62.5;7.5;45;35
2022;21860;00100000;009091001001100009100100000;75;75;0;15;22.5
2022;21860;11100010;019090100111100019001000001;0;0;0;0;0
2022;21860;00001100;019090010111000009010100110;25;25;27.5;22.5;22.5
2022;21860;01010111;019190010101000109000000000;50;62.5;52.5;32.5;0
2022;21860;11111111;019090001101101009010010000;0;0;0;0;0
2022;21860;01100011;019090011101100109100001010;37.5;87.5;17.5;0;10
2022;21860;10100011;019090010101101009001001001;62.5;75;42.5;17.5;25
2022;21860;01110101;019191001000110109000110100;12.5;50;37.5;47.5;10
2022;21860;11111101;019090000101000019110111010;0;75;0;0;0
2022;21860;01111101;009191011101000009100000010;50;62.5;55;50;22.5
2022;21860;01110111;119090010101101009010000001;50;50;27.5;32.5;0
2022;21860;11100100;019091011010000109000001110;100;75;35;65;0
2022;21860;00110011;009090011001010119010111000;87.5;100;17.5;32.5;25
2022;21860;11111101;019091010111000109010000010;37.5;100;15;32.5;0
2022;21860;01111111;119191000101000009110101000;62.5;62.5;27.5;10;0
2022;21860;01010111;019091000110110109111100100;50;75;70;15;35
2022;21860;00010001;019191101111100009110100111;87.5;50;17.5;32.5;12.5
2022;21860;01110101;009190111111010019101001010;25;75;15;50;35
2022;21860;11111101;019090101111100109001010001;75;87.5;27.5;40;35
2022;21860;11100111;019091011110100109000110110;50;75;45;42.5;35
2022;21860;01100110;019091101111010009111010100;75;87.5;72.5;32.5;35
2022;21860;11111111;019090111110000109110100011;37.5;75;37.5;15;25
2022;21860;01100101;019091101101000109110111111;87.5;37.5;17.5;25;25
2022;21860;01110101;019191010101010109110110010;100;75;45;32.5;35
2022;21860;01110111;019190000101001109110111110;50;100;25;32.5;35
2022;21860;01110111;019090011111110109011001111;87.5;50;0;30;12.5
2022;21860;11101111;119190011100100009110110011;75;87.5;37.5;7.5;47.5
2022;21860;01111111;019191001111010109110110101;0;0;45;57.5;25
2022;21860;11111111;019190000111100009010111011;100;87.5;35;32.5;22.5
2022;21860;11101101;019090111111100009001111111;37.5;75;30;15;25
2022;21860;11111111;119090111111010009010110010;75;75;45;20;10
2022;21860;01110111;019191001111110009001111010;100;100;45;35;0
2022;21860;11110111;019091111111100009010000111;62.5;100;20;50;77.5
2022;21860;11111111;019191001111010009011110011;62.5;75;25;25;42.5
2022;21860;01011001;119091101111101109010110101;87.5;100;35;32.5;35
2022;21860;01111111;019191111101010009010101110;100;100;47.5;35;22.5
2022;21860;01010101;119191111111000119011100101;75;75;17.5;65;25
2022;21860;01111111;119191111111110019110000001;25;50;45;32.5;35
2022;21860;01111101;019091111101101109101111110;62.5;50;37.5;77.5;20
2022;21860;01111111;019191101111110009110011110;75;100;25;55;0
2022;21860;11111111;019191001111000109110101111;87.5;75;37.5;50;25
2022;21860;11100111;019091111111101109011001111;50;100;20;35;45
2022;21860;01101111;019191001110110119111111011;50;62.5;17.5;50;0
2022;21860;11111111;119191111111000009110111110;25;75;27.5;0;22.5
2022;21860;11111111;019090111111110109001111110;25;87.5;35;55;12.5
2022;21860;11111111;019091111111000119000101011;87.5;75;90;50;67.5
2022;21860;01111111;119191111101100109011100011;87.5;100;25;22.5;45
2022;21860;11110111;119091111111100019010111110;100;50;27.5;17.5;25
2022;21860;11011111;119090101101110119110111101;62.5;87.5;27.5;25;12.5
2022;21860;11111111;019191101111110109110110011;62.5;62.5;25;32.5;12.5
2022;21860;11111111;119191101111100009101110110;100;87.5;30;15;32.5
2022;21860;01111111;019091101111110109111110111;50;75;17.5;15;37.5
2022;21860;01000111;119091111110101119111110011;87.5;100;35;32.5;22.5
2022;21860;01111111;119191011111100109111110101;87.5;50;17.5;17.5;37.5
2022;21860;01111111;019190111111100109111100110;100;100;25;60;55
2022;21860;01111111;119191011011010119011110111;62.5;62.5;37.5;40;12.5
2022;21860;11110111;019191101110110119010110111;87.5;100;35;35;12.5
2022;21860;01101111;119091101111101109111111110;87.5;62.5;10;15;32.5
2022;21860;11111101;119190001101101019101111111;87.5;75;70;52.5;35
2022;21860;11001111;019191111101101119111110110;37.5;100;35;7.5;60
2022;21860;11110111;119091011111101109110101111;75;100;25;45;12.5
2022;21860;11111111;019090111111100119010111111;87.5;75;55;75;12.5
2022;21860;11110111;019091100111100119111111111;100;100;45;32.5;22.5
2022;21860;01110111;019091101111101109111111111;100;75;55;37.5;35
2022;21860;00111111;119191011111111119111110110;75;75;17.5;0;10
2022;21860;11111111;119091111111110119010101011;100;75;35;25;60
2022;21860;01110101;119090111111111019111111111;87.5;75;17.5;52.5;12.5
2022;21860;10110111;119091001111101109111111111;87.5;87.5;45;75;45
2022;21860;01111111;119091001111101119111110111;87.5;87.5;47.5;32.5;35
2022;21860;11110111;119191011111000119111110111;87.5;100;27.5;67.5;12.5
2022;21860;11111111;019191111101100109111111111;100;100;25;32.5;25
2022;21860;01111111;119191101111101119010110111;100;75;35;77.5;55
2022;21860;11111111;119190111111111109111110011;50;100;35;77.5;12.5
2022;21860;11111111;119091111111111109111110111;62.5;50;27.5;57.5;22.5
2022;22451;;;;;;;
2022;22451;;;;;;;
2022;22451;;;;;;;
2022;22451;;;;;;;
2022;22451;;;;;;;
2022;22451;;;;;;;
2022;22451;;;;;;;
2022;22451;;;;;;;
2022;22451;;;;;;;
2022;22451;;;;;;;
2022;22451;;;;;;;
2022;22451;01100110;910190901000000000000000000;37.5;12.5;30;45;0
2022;22451;00000101;910090900000000000000010000;75;75;70;70;60
2022;22451;00101101;900190910100011100000110000;37.5;75;55;30;10
2022;22451;01111010;900090900010011011110011001;25;0;55;0;20
2022;22451;11110111;900190910100100000000100011;50;75;15;50;50
2022;22451;00110111;900190900110001100001010001;100;75;50;35;60
2022;22451;01101110;900191910101000110000000000;75;87.5;80;100;50
2022;22451;11100111;900190900110101000110110100;50;50;30;30;0
2022;22451;01100001;910190911101001000001100110;37.5;100;85;25;60
2022;22451;01100101;901091901110011000100011100;62.5;75;40;70;10
2022;22451;00101100;911190901100110000001011101;37.5;50;80;50;70
2022;22451;01000101;911091911101100001100010110;25;50;75;100;0
2022;22451;01110101;911190900110001101110001000;37.5;75;75;45;80
2022;22451;01111101;901190900101111010101010001;87.5;50;30;50;0
2022;22451;10111011;900190900111001001100011001;50;87.5;45;100;80
2022;22451;01101101;900190901111000111010001001;75;87.5;55;70;60
2022;22451;01111111;900191910111011100010110000;75;75;40;0;0
2022;22451;11100110;910191901011111100100010100;62.5;62.5;40;55;30
2022;22451;01111101;901190910111001010101101100;62.5;37.5;50;60;10
2022;22451;00110001;900190910111011010100011001;100;100;70;85;90
2022;22451;11111110;900190900110101111100011001;62.5;62.5;50;35;50
2022;22451;11100101;910190901111000010101111000;100;75;70;60;50
2022;22451;01111111;900091910101001111100101000;100;87.5;25;25;100
2022;22451;00111001;900190901111111111000011101;75;37.5;50;50;20
2022;22451;11111111;900190911110101010000011001;100;87.5;65;60;30
2022;22451;11100101;900191910110111010111010010;62.5;75;75;45;30
2022;22451;01111111;901191911110111100001111000;75;50;0;0;0
2022;22451;00101101;901191911111100001010111100;100;50;15;60;70
2022;22451;00111101;910090911111101011001111010;75;25;45;75;40
2022;22451;11110101;901191900110101101101111110;25;37.5;45;55;0
2022;22451;11101111;900091900110111110111111000;75;50;90;60;0
2022;22451;01100011;911191911111100001111011100;50;62.5;35;70;0
2022;22451;01000101;910190911100011011110111110;87.5;87.5;80;25;50
2022;22451;11101111;911190900110101011000111101;75;87.5;30;85;0
2022;22451;11100101;901191900111110000111101110;37.5;87.5;30;85;100
2022;22451;01111110;910191900110111000111111110;37.5;37.5;60;55;70
2022;22451;11111111;900091911110011011110111000;50;87.5;70;100;0
2022;22451;11101101;900190911111111111100110001;62.5;100;45;55;20
2022;22451;11101111;911191901101101000110111000;62.5;100;55;85;70
2022;22451;10110101;901190910101111110010011111;37.5;62.5;100;100;50
2022;22451;11100001;901190911111111010100111111;50;87.5;25;100;40
2022;22451;01111111;901191911110110010110101110;50;100;100;60;0
2022;22451;01101011;911190901111101111111011010;50;50;75;75;50
2022;22451;11111101;911190901100111110100111001;75;87.5;90;75;70
2022;22451;01101111;901191910111101110101111001;75;75;75;85;50
2022;22451;01110111;900091910111111110111111111;50;25;65;50;60
2022;22451;11110111;910091901111101011101101111;75;75;75;85;50
2022;22451;11100101;910191911110111001111111011;62.5;100;80;50;40
2022;22451;11101111;910191911110111011001111111;62.5;62.5;45;100;0
2022;22451;11100101;911191911101110111110111101;50;75;65;100;10
2022;22451;11111111;910191911101111111101110110;37.5;75;45;50;20
2022;22451;11111111;901191901111111011101011100;100;87.5;85;50;60
2022;22451;11001111;911190911111100111110111101;75;87.5;40;100;50
2022;22451;11110111;901090911111101111111111111;62.5;50;55;25;60
2022;22451;01111111;911190911111101100011111111;100;100;70;50;70
2022;22451;01111111;910190911111101110101111111;75;87.5;75;75;90
2022;22451;11111111;911190910110111111101111111;62.5;75;85;35;60
2022;22451;11111111;911190911111111111110111110;87.5;62.5;85;70;0
2022;22451;01111111;911191901110111111111111110;87.5;75;85;100;100
2022;22451;11111111;910191911111111111111111111;87.5;62.5;100;75;80
2022;27657;;;;;;;
2022;27657;;;;;;;
2022;27657;;;;;;;
2022;27657;;;;;;;
2022;27657;;;;;;;
2022;27657;;;;;;;
2022;27657;;;;;;;
2022;27657;;;;;;;
2022;27657;;;;;;;
2022;27657;;;;;;;
2022;27657;;;;;;;
2022;27657;;;;;;;
2022;27657;;;;;;;
2022;27657;;;;;;;
2022;27657;;;;;;;
2022;27657;;;;;;;
2022;27657;;;;;;;
2022;27657;00110101;001109900001110900001910091;25;75;0;20;60
2022;27657;01100000;000009911110100910111900091;75;87.5;0;60;60
2022;27657;11111011;100009900101000900100910191;87.5;75;80;40;80
2022;27657;01101111;010119901001010900101901091;62.5;50;60;20;0
2022;27657;01110111;000119900100010911111901190;75;37.5;20;20;0
2022;27657;00110000;001119910111010901101900191;50;75;80;40;20
2022;27657;01010011;101119901100010911101901091;50;62.5;80;100;0
2022;27657;01110111;111119900101010901101911091;62.5;50;20;0;0
2022;27657;01011111;110119901001110901101911091;25;37.5;0;100;0
2022;27657;01101101;010119910011100910101901190;100;75;100;40;40
2022;27657;01101111;110119900111110910000911091;75;50;60;80;0
2022;27657;10010001;011019901110101901111910091;75;62.5;100;100;0
2022;27657;01110101;011119910101110910111911090;25;37.5;60;40;20
2022;27657;11100111;001109910001111900111901091;50;75;60;80;100
2022;27657;01111101;111119910111010910011900090;75;87.5;20;60;40
2022;27657;01111111;111119900011110910101900191;75;75;0;40;0
2022;27657;01111011;001119901101110900101901191;62.5;50;80;60;80
2022;27657;11100111;000119901000110911111910091;87.5;62.5;80;100;100
2022;27657;11101011;110109901101010911011910091;75;75;80;80;60
2022;27657;01111111;111119900101010901101901191;62.5;50;60;60;20
2022;27657;11111111;111119911010010910000910191;0;75;60;100;60
2022;27657;01111111;110119900111010910111901091;62.5;50;80;80;20
2022;27657;11110111;010119900101111900111901091;62.5;100;100;80;40
2022;27657;01111001;111119911001110910110910091;50;100;80;80;40
2022;27657;01110111;101119910101110910111901090;87.5;75;80;100;40
2022;27657;11101111;111119900101110901111900191;75;62.5;20;80;40
2022;27657;01101101;011119911001110901111911191;75;62.5;60;0;60
2022;27657;01111111;111119900001110901101901191;87.5;62.5;80;80;80
2022;27657;11111111;111109911101110900101901191;75;87.5;80;40;20
2022;27657;01110111;101119910111110900111901191;100;87.5;80;0;60
2022;27657;01111101;011119910101111911111911091;75;62.5;80;0;0
2022;27657;01110111;100109911101110911110911091;100;87.5;100;80;80
2022;27657;01111111;001119911101111900111901191;87.5;100;60;100;20
2022;27657;11111111;011119900111110901111910091;100;75;80;100;20
2022;27657;11111111;111109911011011911111910091;50;75;100;60;60
2022;27657;11111111;111119910111110910011911091;75;87.5;80;80;40
2022;27657;11101111;110119910101110911111911091;62.5;100;100;100;60
2022;27657;01111111;111119911101111911100900191;100;100;100;60;100
2022;27657;11111111;111119911111111911100911091;87.5;75;60;80;100
2022;27657;01111101;111119911111111911111901191;50;100;100;80;100
2022;36356;;;;;;;
2022;36356;;;;;;;
2022;36356;;;;;;;
2022;36356;;;;;;;
2022;36356;;;;;;;
2022;36356;;;;;;;
2022;36356;;;;;;;
2022;36356;;;;;;;
2022;36356;;;;;;;
2022;36356;;;;;;;
2022;36356;;;;;;;
2022;36356;;;;;;;
2022;36356;;;;;;;
2022;36356;;;;;;;
2022;36356;;;;;;;
2022;36356;00001000;000009900100000900100901090;62.5;75;20;20;0
2022;36356;11100010;000109900010010900100900090;50;62.5;60;20;20
2022;36356;11011100;001119900101000900001900090;25;62.5;80;80;0
2022;36356;10111000;010009910001001900100910090;62.5;62.5;100;60;20
2022;36356;01011011;111119910101010900001900090;0;75;60;0;0
2022;36356;01001001;011019910001010910011910190;25;62.5;60;40;0
2022;36356;01101101;010119900001100910100910091;75;0;80;60;20
2022;36356;11110101;100109910001100900111911091;0;0;40;80;20
2022;36356;01100001;000019910110100900111910191;37.5;50;80;60;20
2022;36356;11110110;100119901000110901101910190;37.5;50;40;0;0
2022;36356;01110111;110019901111000901001900090;0;75;60;80;60
2022;36356;01101001;101119900101010911001911091;0;50;60;0;0
2022;36356;01100001;111109911001100900011900090;87.5;87.5;80;40;100
2022;36356;01111101;111119911101110900100910190;0;0;0;0;0
2022;36356;11110111;000119900101100900001901191;62.5;75;60;100;0
2022;36356;00110101;110109900111010910101911191;50;50;60;20;0
2022;36356;11110011;010019911101110901001910190;62.5;37.5;60;80;40
2022;36356;01111111;110109901011010901111900091;12.5;75;0;100;40
2022;36356;11111111;011109900111000900001911191;62.5;62.5;80;100;0
2022;36356;01100111;110119900111110901101900191;62.5;12.5;80;60;40
2022;36356;01110111;100119910001110910101911191;75;25;80;60;0
2022;36356;11111101;011119900111110901111901090;12.5;75;40;20;60
2022;36356;01111101;011119910001010901111901091;87.5;62.5;60;80;20
2022;36356;01101111;010109911111110910001901091;75;62.5;80;100;20
2022;36356;11111101;001119910101110910101910091;87.5;62.5;60;60;40
2022;36356;01111001;011119910111110910101901090;62.5;62.5;80;80;80
2022;36356;01111101;111119910000101900111911191;37.5;75;20;100;0
2022;36356;11100101;011109910111110911101910090;75;100;80;100;20
2022;36356;01100011;111119911001111910111901091;0;62.5;80;40;60
2022;36356;11111101;010019901001110910111911191;0;100;60;80;80
2022;36356;01111011;101109910111010910111910191;75;75;40;60;60
2022;36356;01111111;110119900101110910110901191;100;62.5;60;100;60
2022;36356;01110111;001119910111111900111910091;75;62.5;80;100;40
2022;36356;00011111;101119910001110911111911091;62.5;75;40;60;100
2022;36356;11111111;111119911010010910111901190;87.5;50;80;40;20
2022;36356;11111111;111119910101110911111911091;0;0;0;60;40
2022;36356;11111111;111119911101010911101910091;50;100;60;60;20
2022;36356;01110111;111119911111110900111901091;62.5;37.5;60;60;100
2022;36356;01111111;110119911111111911111910191;75;100;60;80;40
2022;1178675;;;;;;;
2022;1178675;;;;;;;
2022;1178675;;;;;;;
2022;1178675;;;;;;;
2022;1178675;;;;;;;
2022;1178675;;;;;;;
2022;1178675;;;;;;;
2022;1178675;;;;;;;
2022;1178675;;;;;;;
2022;1178675;;;;;;;
2022;1178675;;;;;;;
2022;1178675;;;;;;;
2022;1178675;;;;;;;
2022;1178675;;;;;;;
2022;1178675;;;;;;;
2022;1178675;;;;;;;
2022;1178675;;;;;;;
2022;1178675;;;;;;;
2022;1178675;;;;;;;
2022;1178675;;;;;;;
2022;1178675;;;;;;;
2022;1178675;;;;;;;
2022;1178675;01111111;009090100000001009000000000;50;37.5;25;52.5;0
2022;1178675;01101100;109190100010000009000010000;87.5;75;0;0;0
2022;1178675;00010001;019091111101110109000000000;37.5;100;0;0;0
2022;1178675;10100111;009091010101000019100100010;75;75;17.5;15;10
2022;1178675;01111111;019090010100011009110000000;62.5;75;20;25;35
2022;1178675;01111010;009090000111010009110000110;100;75;15;40;12.5
2022;1178675;01110111;019090000101000009000011110;75;100;27.5;40;35
2022;1178675;01110100;019090011100100109000110110;62.5;62.5;0;47.5;10
2022;1178675;11101111;019090000101101009000010110;75;75;15;10;12.5
2022;1178675;11110111;119090110101100009000011010;37.5;25;10;0;0
2022;1178675;00110111;019191111101011009000010010;37.5;62.5;0;47.5;0
2022;1178675;11111110;019090001111000109110100010;75;75;35;35;0
2022;1178675;01111111;019090000011010109011011011;0;75;27.5;35;35
2022;1178675;01111011;019090101111000009111000110;50;75;25;57.5;25
2022;1178675;01110111;119091011101001109011101110;0;25;0;0;0
2022;1178675;11111111;019091000111001019000101110;50;100;0;15;12.5
2022;1178675;01101101;019191111100010109110100100;62.5;50;37.5;57.5;0
2022;1178675;01111111;019090101100110109010101111;62.5;0;55;15;12.5
2022;1178675;01100101;019191111110000009011101010;87.5;62.5;45;37.5;45
2022;1178675;11100111;019091011111100109000010110;50;75;45;82.5;0
2022;1178675;01110101;019090101111000109100110111;75;75;35;7.5;35
2022;1178675;11110001;119090001110100119000011111;75;87.5;7.5;50;25
2022;1178675;01110111;019190111110100009001101011;62.5;62.5;37.5;22.5;12.5
2022;1178675;01111111;019091011101110109001001000;100;87.5;35;57.5;22.5
2022;1178675;01101111;019191110101000109010101100;100;62.5;35;40;42.5
2022;1178675;01111111;019090101101100109010011011;87.5;100;27.5;7.5;35
2022;1178675;01110110;019091101111010119110101010;62.5;25;55;10;12.5
2022;1178675;11111110;019191001111000109010101011;100;62.5;35;17.5;22.5
2022;1178675;01110111;019090100111110109111101011;50;75;0;32.5;10
2022;1178675;01110111;019190111101110109000110101;75;75;37.5;42.5;12.5
2022;1178675;11101111;019191100010100119011110110;37.5;75;47.5;25;22.5
2022;1178675;01111101;019091101101100109110101111;37.5;75;45;10;22.5
2022;1178675;01101111;019090010111100109110111101;100;62.5;25;40;47.5
2022;1178675;01111011;019191101111110109011001010;12.5;75;45;47.5;35
2022;1178675;01101111;019091111111101109010110011;37.5;62.5;27.5;30;32.5
2022;1178675;11100101;019191011110100019011110111;87.5;62.5;10;32.5;45
2022;1178675;01111111;019190011110010109011110110;75;87.5;45;40;35
2022;1178675;11110011;019090101111110109101111010;100;87.5;27.5;22.5;45
2022;1178675;01111111;019091111101110109111010010;75;75;55;42.5;35
2022;1178675;11111111;019191011111000119011100011;50;75;17.5;22.5;70
2022;1178675;01111111;019090111111000109110111111;50;87.5;25;22.5;45
2022;1178675;01101101;019091110111100119111100111;62.5;100;45;45;12.5
2022;1178675;11110111;019090101101101119110101111;62.5;50;27.5;50;45
2022;1178675;11111101;119091101111111109011001100;75;62.5;72.5;25;45
2022;1178675;01111100;119190111111100019111011111;62.5;37.5;37.5;17.5;35
2022;1178675;01111111;019091111101110009111111011;87.5;75;35;0;22.5
2022;1178675;11111011;019091101111000109110111111;87.5;87.5;45;57.5;25
2022;1178675;11111111;019190011111001119011010111;75;87.5;45;32.5;22.5
2022;1178675;11111111;019091101111010019110111111;37.5;100;7.5;50;0
2022;1178675;01111101;119190111110100119011111110;87.5;75;35;0;32.5
2022;1178675;01111111;019191111110111109010100111;87.5;50;45;50;22.5
2022;1178675;11111111;019090111111111109010101111;50;87.5;35;30;12.5
2022;1178675;11111111;019190101111100109011101110;100;100;47.5;50;70
2022;1178675;01111111;119191111111100119011001110;75;87.5;20;15;22.5
2022;1178675;01111101;019191111111111109110101010;50;87.5;52.5;40;35
2022;1178675;11111111;019191111111100119011100011;75;100;45;35;20
2022;1178675;11110111;119091011111110109111111101;62.5;100;0;25;0
2022;1178675;11101111;019191101111110119011111111;87.5;25;0;40;22.5
2022;1178675;01111101;119191101111101119111111011;50;75;25;15;45
2022;1178675;01110111;019190111111100109111111111;100;100;45;55;45
2022;1178675;11111111;019091111111100109011111111;100;87.5;35;42.5;52.5
2022;1178675;11111111;019091111111100119011101111;100;100;47.5;60;25
2022;1178675;11111111;119191101111100109111111110;75;100;35;32.5;35
2022;1178675;01111111;119191111111110109011111111;37.5;75;35;40;35
2022;1178683;;;;;;;
2022;1178683;;;;;;;
2022;1178683;;;;;;;
2022;1178683;;;;;;;
2022;1178683;;;;;;;
2022;1178683;;;;;;;
2022;1178683;;;;;;;
2022;1178683;;;;;;;
2022;1178683;;;;;;;
2022;1178683;;;;;;;
2022;1178683;;;;;;;
2022;1178683;;;;;;;
2022;1178683;;;;;;;
2022;1178683;;;;;;;
2022;1178683;;;;;;;
2022;1178683;11110100;090190000900009000000000009;0;0;0;0;0
2022;1178683;00010011;090090000900009110010000009;0;0;0;0;0
2022;1178683;00100011;090190000901109000000100009;0;0;0;33.3;0
2022;1178683;01100100;090090000900009110000010009;25;87.5;0;20;0
2022;1178683;01110000;190091000900009000000000009;50;100;80;20;0
2022;1178683;00100100;190090011900009000101001009;50;50;40;40;0
2022;1178683;11110000;091190000900019001000101009;25;12.5;0;20;20
2022;1178683;10101111;090090000900009011010001009;100;75;0;30;0
2022;1178683;00010101;190091010900009000101100009;62.5;62.5;50;36.7;0
2022;1178683;01100111;191091001900019001100100019;25;0;0;0;0
2022;1178683;01110101;090090001900009100110110009;62.5;75;40;63.3;0
2022;1178683;01101110;190090011900109000011001019;25;50;20;20;0
2022;1178683;11111101;190090010900009010001011009;87.5;37.5;30;20;0
2022;1178683;01111100;190191010910019000000000119;50;0;20;33.3;60
2022;1178683;10111101;091090010901019100000101009;50;37.5;50;30;20
2022;1178683;01110111;190191101910009000010100009;62.5;0;40;40;0
2022;1178683;01101101;190190110901119000001000109;50;50;40;0;0
2022;1178683;01101110;190090111900109000011100119;62.5;12.5;0;0;0
2022;1178683;01010111;190091100910109010001010009;50;100;30;30;20
2022;1178683;01111100;190090000910109100111010109;50;50;40;40;0
2022;1178683;11110010;190091010900019000011011019;50;75;30;20;20
2022;1178683;11111111;190091100900019000011001119;62.5;0;0;0;0
2022;1178683;00111110;090091001910109100000111019;100;62.5;50;20;0
2022;1178683;11100111;090091010900109101111111009;25;75;0;0;0
2022;1178683;01110100;190190101901109001001111109;25;62.5;30;20;20
2022;1178683;10011101;091091000901009010110101119;100;87.5;40;20;0
2022;1178683;01100101;090091101900119111010101009;62.5;0;90;70;40
2022;1178683;01100111;091191101910119000011000019;75;62.5;20;63.3;0
2022;1178683;01111111;191191000911119000010010009;75;87.5;10;20;20
2022;1178683;01101101;191191001900109101110101109;37.5;75;50;33.3;0
2022;1178683;11110100;190091111910019010111100019;87.5;62.5;20;20;20
2022;1178683;01100111;091091100910109101111111009;62.5;75;0;10;60
2022;1178683;01110111;191191100910109111010001109;62.5;75;0;20;20
2022;1178683;11110111;191091100900119010110110019;75;75;30;46.7;0
2022;1178683;01111111;191091111900109110000111009;87.5;62.5;10;90;0
2022;1178683;11110101;091191110900119001101111019;37.5;75;40;36.7;0
2022;1178683;11111111;191091101901109111001110019;50;75;40;53.3;0
2022;1178683;01111101;190191111911109011011011019;62.5;87.5;40;56.7;20
2022;1178684;;;;;;;
2022;1178684;;;;;;;
2022;1178684;;;;;;;
2022;1178684;;;;;;;
2022;1178684;;;;;;;
2022;1178684;;;;;;;
2022;1178684;;;;;;;
2022;1178684;;;;;;;
2022;1178684;;;;;;;
2022;1178684;;;;;;;
2022;1178684;;;;;;;
2022;1178684;;;;;;;
2022;1178684;;;;;;;
2022;1178684;;;;;;;
2022;1178684;;;;;;;
2022;1178684;;;;;;;
2022;1178684;;;;;;;
2022;1178684;;;;;;;
2022;1178684;;;;;;;
2022;1178684;;;;;;;
2022;1178684;;;;;;;
2022;1178684;;;;;;;
2022;1178684;;;;;;;
2022;1178684;;;;;;;
2022;1178684;;;;;;;
2022;1178684;;;;;;;
2022;1178684;;;;;;;
2022;1178684;;;;;;;
2022;1178684;00010001;900090900010010000010000011;0;0;0;0;0
2022;1178684;11000000;900090900010001100001000000;37.5;62.5;60;25;20
2022;1178684;11010111;900090901001000001000000000;0;12.5;70;100;0
2022;1178684;00101101;900190900000000000011101000;100;75;60;75;40
2022;1178684;10000101;900091910110100110000101001;62.5;62.5;0;0;0
2022;1178684;01110111;900091900110101000000011000;50;62.5;15;70;20
2022;1178684;01111100;900191900110101010000100100;75;62.5;0;0;0
2022;1178684;00110101;900090910110110110100001100;62.5;50;35;30;10
2022;1178684;11100001;900190901111100001000010100;37.5;87.5;40;60;50
2022;1178684;11101101;901091911100001110100100000;75;100;0;0;0
2022;1178684;01010110;910190910111101100100000111;50;37.5;0;0;0
2022;1178684;11110001;900190900111100000111110000;87.5;75;30;50;40
2022;1178684;01110001;910090900110101010100111100;87.5;75;45;75;0
2022;1178684;00100011;900090900101110110110111110;50;37.5;50;70;0
2022;1178684;11111001;901090910101110010001111000;37.5;50;50;60;10
2022;1178684;10000101;910190910111111100010110000;25;62.5;65;85;0
2022;1178684;01100100;910190900101101110100111100;75;25;25;75;30
2022;1178684;00110001;901191901111101010110001001;75;62.5;45;0;0
2022;1178684;01110110;900190910111111010000100101;37.5;62.5;50;40;50
2022;1178684;01110101;910090911111111100110110000;12.5;0;45;50;40
2022;1178684;00111111;910091910111100110100000001;75;87.5;40;50;30
2022;1178684;00101111;901191901111101111101010000;50;0;40;0;0
2022;1178684;00100101;900091910110111000111111001;37.5;62.5;40;100;10
2022;1178684;00100101;901190901110101011101110001;75;75;50;75;20
2022;1178684;11101101;900091911111101010001111000;50;87.5;30;75;30
2022;1178684;01100101;911191901111101010101110000;87.5;75;40;50;20
2022;1178684;00101101;901090910111111000111111100;75;100;60;40;100
2022;1178684;01110101;900191900111110011100111111;50;75;45;85;20
2022;1178684;11101001;901191910111001011001110101;62.5;75;60;85;70
2022;1178684;11100111;911190901111101010010111010;0;100;45;85;90
2022;1178684;01110111;911190910110101011111111000;50;87.5;100;35;0
2022;1178684;11110101;910191901111101011000111111;50;87.5;65;25;20
2022;1178684;01111101;901190911110101110101110110;25;87.5;50;100;80
2022;1178684;00100011;910191910100111110110111111;62.5;75;80;100;50
2022;1178684;01100111;911091910111101001111110111;62.5;100;65;20;40
2022;1178684;11111111;911190911111011000101110111;100;75;70;85;20
2022;1178684;11111101;901190910111101110011111111;87.5;75;70;85;70
2022;1178684;01111111;911191901111111111110101110;62.5;75;30;85;40
2022;1178684;11111111;911191901111111011110111011;100;75;90;35;40
2022;1178684;11111111;911191911110101111110111111;87.5;87.5;25;50;90
2022;1183351;;;;;;;
2022;1183351;;;;;;;
2022;1183351;;;;;;;
2022;1183351;;;;;;;
2022;1183351;;;;;;;
2022;1183351;;;;;;;
2022;1183351;01100101;900090010901000009810901090;25;0;20;0;0
2022;1183351;01101111;901090010900000009801900090;62.5;87.5;20;0;0
2022;1183351;11101111;900190000900000109800900091;50;50;20;0;0
2022;1183351;01111101;900191100901000009800900090;37.5;75;30;0;50
2022;1183351;01100111;900190101910000009800910090;62.5;87.5;0;0;0
2022;1183351;01110101;901090010901011009800900090;87.5;75;0;0;0
2022;1183351;01010111;900090101911000009810901190;0;0;20;10;50
2022;1183351;01101111;900191001911000009800900091;0;0;20;10;75
2022;1183351;01101101;900091101911000009800900190;25;50;0;70;0
2022;1183351;11101111;900090001901001009800901090;87.5;75;20;0;25
2022;1183351;11101101;901091100910001009800911090;0;50;0;0;0
2022;1183351;00110111;901190010901000009810900191;50;0;30;70;0
2022;1183351;00110100;911091110901000009800900190;75;50;20;0;100
2022;1183351;00010111;911090000910100109800901090;87.5;75;50;10;100
2022;1183351;01111001;900190101900001009810900190;100;75;20;70;0
2022;1183351;01101111;901190100911000009800900190;50;87.5;40;0;75
2022;1183351;01110001;910090011911100019800900190;75;50;30;40;25
2022;1183351;11110110;910091110900000009800910091;100;75;0;0;100
2022;1183351;11111111;901090001911000109800900090;62.5;62.5;60;80;0
2022;1183351;01110011;901190111910000009800910190;62.5;62.5;0;50;0
2022;1183351;11111111;910090011910100009800901091;87.5;37.5;70;100;0
2022;1183351;11111101;900190001911100109800901190;87.5;50;60;0;100
2022;1183351;11111101;911190110901100019800901190;0;75;50;10;75
2022;1183351;11111111;900190111901000109801910190;50;75;30;0;75
2022;1183351;01111111;901190101900001019801911191;37.5;37.5;20;40;0
2022;1183351;01111111;900190011911000019810901191;75;75;0;60;25
2022;1183351;11111111;910091101911101009800910090;75;87.5;20;100;0
